url,page,title
http://www.dede58.com/a/dedecode/,1,期权分析喊单投资类网站织梦模板(带手机端)
http://www.dede58.com/a/dedecode/,1,职业健康机构类网站织梦模板(带手机端)
http://www.dede58.com/a/dedecode/,1,地方门户新闻资讯类网站织梦模板(带手机端)
http://www.dede58.com/a/dedecode/,1,投资置业类企业网站织梦模板(带手机端)
http://www.dede58.com/a/dedecode/,1,响应式企业通用类网址织梦dedecms模板(自适应)
http://www.dede58.com/a/dedecode/,1,刷卡pos机金融类织梦dedecms模板(带手机端)
http://www.dede58.com/a/dedecode/,1,新闻在线博客地方门户资讯类网站织梦模板(带手机端)
http://www.dede58.com/a/dedecode/,1,饮水器净水设备类网站织梦dedecms模板(带手机端)
http://www.dede58.com/a/dedecode/,1,高端大气网络建设网站公司类网站模板(带手机端)
http://www.dede58.com/a/dedecode/,1,响应式户外景色摄影类网站织梦模板(HTML5自适应手机端)
http://www.dede58.com/a/dedecode/,1,工业环保工程类企业网站织梦模板(带手机端)
http://www.dede58.com/a/dedecode/,1,小清新优秀文章新闻博客类织梦dedecms模板(带手机端)
http://www.dede58.com/a/dedecode/,1,响应式网络设计资源共享类企业网站织梦模板(自适应手机端)
http://www.dede58.com/a/dedecode/,1,绿色园林苗木环保类网站织梦模板(带手机端)
http://www.dede58.com/a/dedecode/,1,机械设备制造类企业网站织梦模板(带手机端)
http://www.dede58.com/a/dedecode/,1,白酒酒类产品展示类企业网站织梦模板(带手机端)
http://www.dede58.com/a/dedecode/,1,机械轴承分条机类网站类织梦模板(带手机端)
http://www.dede58.com/a/dedecode/,1,家装家具装修装饰类网站类织梦模板(带手机端)
http://www.dede58.com/a/dedecode/,1,响应式带音乐背景咖啡奶茶食品类网站织梦模板(自适应手机端)
http://www.dede58.com/a/dedecode/,1,环保汽车顶棚门板设备网站类织梦模板(带手机端)
http://www.dede58.com/a/dedecode/list_1_2.html,2,污水处理工程设备网站类织梦模板(带手机端)
http://www.dede58.com/a/dedecode/list_1_2.html,2,游戏手游程序开发网站类织梦模板(带手机端)
http://www.dede58.com/a/dedecode/list_1_2.html,2,食品西餐奶茶披萨类网站织梦模板(带手机端)
http://www.dede58.com/a/dedecode/list_1_2.html,2,营销型药品药业科技类网站织梦模板(带手机端)
http://www.dede58.com/a/dedecode/list_1_2.html,2,营销型家居厨房家具类网站织梦模板(带手机端)
http://www.dede58.com/a/dedecode/list_1_2.html,2,营销型绿色市政园林绿化类网站织梦模板(带手机端)
http://www.dede58.com/a/dedecode/list_1_2.html,2,幼儿教育培训机构类网站织梦模板(带手机端)
http://www.dede58.com/a/dedecode/list_1_2.html,2,商贸食品类网站织梦dedecms模板(带手机端)
http://www.dede58.com/a/dedecode/list_1_2.html,2,营销型微型农业机械设备类网站织梦模板(带手机端)
http://www.dede58.com/a/dedecode/list_1_2.html,2,营销型电子科技设备类网站织梦模板（带手机端）
http://www.dede58.com/a/dedecode/list_1_2.html,2,营销型安防监控楼宇智能科技类网站织梦模板(带手机端)
http://www.dede58.com/a/dedecode/list_1_2.html,2,营销型空调电气科技类企业网站织梦模板(带手机端)
http://www.dede58.com/a/dedecode/list_1_2.html,2,石油石化实业类网站织梦模板(带手机端)
http://www.dede58.com/a/dedecode/list_1_2.html,2,营销型热能工程设备类网站织梦模板(带手机端)
http://www.dede58.com/a/dedecode/list_1_2.html,2,汽车租赁服务类网站织梦模板(带手机端)
http://www.dede58.com/a/dedecode/list_1_2.html,2,医疗养生资讯类网站织梦模板(带手机端)
http://www.dede58.com/a/dedecode/list_1_2.html,2,机械电子电气设备类网站织梦模板(带手机端)
http://www.dede58.com/a/dedecode/list_1_2.html,2,高端简洁响应式电子商务网站织梦dedecms模板（自适应手机端）
http://www.dede58.com/a/dedecode/list_1_2.html,2,营销型体育培训班体育器材类网站织梦模板(带手机端)
http://www.dede58.com/a/dedecode/list_1_2.html,2,响应式Dj音乐培训机构dedecms织梦模板(自适应手机端)
http://www.dede58.com/a/dedecode/list_1_3.html,3,玻璃制品类网站织梦模板(带手机端)
http://www.dede58.com/a/dedecode/list_1_3.html,3,机电科技设备类网站织梦模板(带手机端)
http://www.dede58.com/a/dedecode/list_1_3.html,3,美术联盟培训机构学校类网站织梦模板(带手机端)
http://www.dede58.com/a/dedecode/list_1_3.html,3,宠物动物机构类网站织梦模板(带手机端)
http://www.dede58.com/a/dedecode/list_1_3.html,3,古典文化文学学院学校类网站织梦模板(带手机端)
http://www.dede58.com/a/dedecode/list_1_3.html,3,宽屏照明设备企业织梦模板(带手机端)
http://www.dede58.com/a/dedecode/list_1_3.html,3,地质测绘工程设备类网站织梦模板(带手机端)
http://www.dede58.com/a/dedecode/list_1_3.html,3,美容美体化妆网站织梦模板(带手机端)
http://www.dede58.com/a/dedecode/list_1_3.html,3,置业企业通用类网站织梦模板(带手机端)
http://www.dede58.com/a/dedecode/list_1_3.html,3,金融商品交易中心类网站织梦模板(带手机端)
http://www.dede58.com/a/dedecode/list_1_3.html,3,营销型汽车租赁类网站织梦模板(带手机端)
http://www.dede58.com/a/dedecode/list_1_3.html,3,响应式卡片式设计动态加载织梦模板(自适应手机端)
http://www.dede58.com/a/dedecode/list_1_3.html,3,家庭装修家装装饰类网站织梦模板(带手机端)
http://www.dede58.com/a/dedecode/list_1_3.html,3,响应式造纸类企业网站织梦模板(自适应手机端)
http://www.dede58.com/a/dedecode/list_1_3.html,3,学校学院自主招生教育报考类网站织梦模板(带手机端)
http://www.dede58.com/a/dedecode/list_1_3.html,3,相声小品资讯文章博客dedecms模板(带手机端)
http://www.dede58.com/a/dedecode/list_1_3.html,3,有声电台博客新闻类织梦dedecms模板
http://www.dede58.com/a/dedecode/list_1_3.html,3,茶叶茶道食品类网站织梦模板(带手机端)
http://www.dede58.com/a/dedecode/list_1_3.html,3,小家电电暖器电风扇维修展示类织梦模板(带手机端)
http://www.dede58.com/a/dedecode/list_1_3.html,3,家用小家电电器类网站织梦模板(带手机移动端)
http://www.dede58.com/a/dedecode/list_1_4.html,4,粉色妇女儿童医院健康类网站织梦模板(带手机端)
http://www.dede58.com/a/dedecode/list_1_4.html,4,绿色农业水果白菜蔬菜类织梦模板(带手机端)
http://www.dede58.com/a/dedecode/list_1_4.html,4,古典复古风格装修装饰类网站织梦模板(带手机移动端)
http://www.dede58.com/a/dedecode/list_1_4.html,4,企业实验科技研究类网站织梦模板(带手机移动端)
http://www.dede58.com/a/dedecode/list_1_4.html,4,绿色节能环保类LED电子产品网站织梦模板(带手机端)
http://www.dede58.com/a/dedecode/list_1_4.html,4,化妆美容产品网站织梦dedecms模板(带手机端)
http://www.dede58.com/a/dedecode/list_1_4.html,4,红色商务印刷画册类企业织梦模板(带手机移动端)
http://www.dede58.com/a/dedecode/list_1_4.html,4,工业电子机械制冷设备类网站织梦模板(带手机端)
http://www.dede58.com/a/dedecode/list_1_4.html,4,美容美发类企业网站织梦模板(带手机端)
http://www.dede58.com/a/dedecode/list_1_4.html,4,生产消防安全器材类企业织梦模板(带手机移动端)
http://www.dede58.com/a/dedecode/list_1_4.html,4,医疗健康管理类企业织梦dedecms模板(带手机端)
http://www.dede58.com/a/dedecode/list_1_4.html,4,教育招生培训服务类织梦模板(带手机端)
http://www.dede58.com/a/dedecode/list_1_4.html,4,蓝色风格办公器材行业织梦模板(带手机移动端)
http://www.dede58.com/a/dedecode/list_1_4.html,4,大气完整装修装饰公司单独手机端织梦模板(带筛选)
http://www.dede58.com/a/dedecode/list_1_4.html,4,橙色大气网络工作室织梦整站模板
http://www.dede58.com/a/dedecode/list_1_4.html,4,蜜月旅行景区旅游企业织梦模板(带手机端)
http://www.dede58.com/a/dedecode/list_1_4.html,4,教育培训行业网站源码织梦模板(带手机端)
http://www.dede58.com/a/dedecode/list_1_4.html,4,蓝色风格商务服务行业织梦模板(带手机端)
http://www.dede58.com/a/dedecode/list_1_4.html,4,企业管理类通用企业织梦dedecms模板(带手机端)
http://www.dede58.com/a/dedecode/list_1_4.html,4,响应式户外摄影类织梦dedecms模板(自适应手机端)
http://www.dede58.com/a/dedecode/list_1_5.html,5,网站建设企业通用类单独手机织梦模板
http://www.dede58.com/a/dedecode/list_1_5.html,5,婚纱摄影拍摄类单独手机网站织梦dedecms源码
http://www.dede58.com/a/dedecode/list_1_5.html,5,景区景观园林设计环保类企业织梦模板(带手机端)
http://www.dede58.com/a/dedecode/list_1_5.html,5,电动汽车产品展示类企业网站织梦dedecms模板
http://www.dede58.com/a/dedecode/list_1_5.html,5,大型房地产中介企业楼盘代理公司网站织梦dedecms模板
http://www.dede58.com/a/dedecode/list_1_5.html,5,智能监控多终端监控网站织梦dedecms模板
http://www.dede58.com/a/dedecode/list_1_5.html,5,装修公司装饰装潢类企业织梦dedecms模板
http://www.dede58.com/a/dedecode/list_1_5.html,5,绿色护栏拦网类企业网站织梦dedecms模板
http://www.dede58.com/a/dedecode/list_1_5.html,5,营销型dedecms装饰建材家具织梦模板(带手机端)
http://www.dede58.com/a/dedecode/list_1_5.html,5,贵金属黄金白银大宗商品网站织梦dedecms源码
http://www.dede58.com/a/dedecode/list_1_5.html,5,织梦dedecms企业通用单独手机网站模板
http://www.dede58.com/a/dedecode/list_1_5.html,5,网络IT信息服务类企业网站织梦dedecms模板
http://www.dede58.com/a/dedecode/list_1_5.html,5,夜场酒吧娱乐KTV类企业网站织梦dedecms模板
http://www.dede58.com/a/dedecode/list_1_5.html,5,红色大气服装展示类企业织梦dedecms模板
http://www.dede58.com/a/dedecode/list_1_5.html,5,金融投资资产监管部门类网站织梦模板(dedecms带手机端)
http://www.dede58.com/a/dedecode/list_1_5.html,5,项目建设管理类企业网站织梦dedecms模板
http://www.dede58.com/a/dedecode/list_1_5.html,5,蓝色大气app下载企业通用网站织梦dedecms模板
http://www.dede58.com/a/dedecode/list_1_5.html,5,黄色织梦企业通用dedecms手机模板
http://www.dede58.com/a/dedecode/list_1_5.html,5,代账工商代办企业服务网站织梦模板(带手机端)
http://www.dede58.com/a/dedecode/list_1_5.html,5,蓝色企业通用单独手机织梦dedecms模板
http://www.dede58.com/a/dedecode/list_1_6.html,6,贵金属金融能源化工期货投资类网站织梦dedecms模板
http://www.dede58.com/a/dedecode/list_1_6.html,6,工商企业管理类企业网站织梦dedecms模板
http://www.dede58.com/a/dedecode/list_1_6.html,6,健康医疗检测机构类企业网站织梦dedecms源码
http://www.dede58.com/a/dedecode/list_1_6.html,6,红色大气学校培训班教育学校类网站织梦模板(带手机端)
http://www.dede58.com/a/dedecode/list_1_6.html,6,白银贵金属企业站织梦dedecms源码
http://www.dede58.com/a/dedecode/list_1_6.html,6,艺术书画研究院类企业网站织梦dedecms模板
http://www.dede58.com/a/dedecode/list_1_6.html,6,金融有色贵金属企业类网站dedecms织梦模板
http://www.dede58.com/a/dedecode/list_1_6.html,6,营销型环保产品净化器企业网站织梦模板
http://www.dede58.com/a/dedecode/list_1_6.html,6,响应式旅游风景相册相片展示类dedecms模板(自适应)
http://www.dede58.com/a/dedecode/list_1_6.html,6,古典古玩文学院校类网站织梦dedecms模板
http://www.dede58.com/a/dedecode/list_1_6.html,6,精美美女图片网类网站织梦dedecms模板
http://www.dede58.com/a/dedecode/list_1_6.html,6,绿色儿童户外探险类企业网站模板
http://www.dede58.com/a/dedecode/list_1_6.html,6,蓝色制冷机械设备织梦dedecms模板(带手机端)
http://www.dede58.com/a/dedecode/list_1_6.html,6,蓝色机设备行业通用织梦dedecms模板
http://www.dede58.com/a/dedecode/list_1_6.html,6,蓝色简洁通用石墨材料企业织梦dedecms模板
http://www.dede58.com/a/dedecode/list_1_6.html,6,营销型家具销售类企业网站织梦dedecms模板
http://www.dede58.com/a/dedecode/list_1_6.html,6,橙色机械产品外贸类网站织梦dedecms模板
http://www.dede58.com/a/dedecode/list_1_6.html,6,红色机械叉车工业设备类企业织梦dedecms模板
http://www.dede58.com/a/dedecode/list_1_6.html,6,汽车零件外贸类企业织梦dedecms模板
http://www.dede58.com/a/dedecode/list_1_6.html,6,农业农林生态企业网站织梦dedecms模板
http://www.dede58.com/a/dedecode/list_1_7.html,7,蓝色织梦大气机械电子营销类网站dedecms模板
http://www.dede58.com/a/dedecode/list_1_7.html,7,织梦cms多彩涂料企业织梦整站dede模板
http://www.dede58.com/a/dedecode/list_1_7.html,7,织梦英文外贸石材橱柜公司整站dedecms模板
http://www.dede58.com/a/dedecode/list_1_7.html,7,新闻小说博客网站织梦dedecms模板
http://www.dede58.com/a/dedecode/list_1_7.html,7,开锁换锁设备服务行业网站织梦模板(带手机移动端)
http://www.dede58.com/a/dedecode/list_1_7.html,7,政府部门单位交警大队类网站织梦模板
http://www.dede58.com/a/dedecode/list_1_7.html,7,大气教育培训学校类网站织梦模板
http://www.dede58.com/a/dedecode/list_1_7.html,7,大气装修装饰装潢企业网站织梦dedecms模板
http://www.dede58.com/a/dedecode/list_1_7.html,7,简洁广告传媒行业类织梦模板(带手机端)
http://www.dede58.com/a/dedecode/list_1_7.html,7,灯具照明类网站织梦dedecms模板
http://www.dede58.com/a/dedecode/list_1_7.html,7,美术艺术设计人才网站织梦模板
http://www.dede58.com/a/dedecode/list_1_7.html,7,婚礼拍摄电影摄影工作室织梦模板
http://www.dede58.com/a/dedecode/list_1_7.html,7,浴室柜玻璃盆立柱盆类网站织梦模板
http://www.dede58.com/a/dedecode/list_1_7.html,7,工业微粉石墨制品类网站织梦模板
http://www.dede58.com/a/dedecode/list_1_7.html,7,风水算命资讯类网站织梦dedecms模板
http://www.dede58.com/a/dedecode/list_1_7.html,7,高质量的美女明星图片类网站织梦模板
http://www.dede58.com/a/dedecode/list_1_7.html,7,优雅炫彩侧边响应式企业展示通用织梦模板(自适应)
http://www.dede58.com/a/dedecode/list_1_7.html,7,服装展示设计类网站织梦模板(带手机端)
http://www.dede58.com/a/dedecode/list_1_7.html,7,红色风格食品饭店类企业网站织梦整站模板(带手机端)
http://www.dede58.com/a/dedecode/list_1_7.html,7,红色机械设备叉车产品网站织梦dedecms模板
http://www.dede58.com/a/dedecode/list_1_8.html,8,机械电子设备网站织梦模板
http://www.dede58.com/a/dedecode/list_1_8.html,8,家具装饰行业织梦模板
http://www.dede58.com/a/dedecode/list_1_8.html,8,自适应个性的个人博客整站织梦模板程序(响应式)
http://www.dede58.com/a/dedecode/list_1_8.html,8,绿色苗木种植基地类网站织梦模板
http://www.dede58.com/a/dedecode/list_1_8.html,8,高端集团响应式自适应企业网站织梦模板
http://www.dede58.com/a/dedecode/list_1_8.html,8,响应式自适应博客文章类网站织梦dedecms模板
http://www.dede58.com/a/dedecode/list_1_8.html,8,个人分享博客文章整站织梦程序
http://www.dede58.com/a/dedecode/list_1_8.html,8,响应式自适应个人摄影博客整站织梦程序
http://www.dede58.com/a/dedecode/list_1_8.html,8,小清新网游游戏官网类织梦模板
http://www.dede58.com/a/dedecode/list_1_8.html,8,高端响应式个人工作室dedecms模板(自适应)
http://www.dede58.com/a/dedecode/list_1_8.html,8,响应式通用服务性公司网站织梦模板(自适应设备)
http://www.dede58.com/a/dedecode/list_1_8.html,8,家庭家用电器类网站织梦模板(带手机端)
http://www.dede58.com/a/dedecode/list_1_8.html,8,电气空气净化设备网站织梦模板
http://www.dede58.com/a/dedecode/list_1_8.html,8,机械轴承类网站织梦模板
http://www.dede58.com/a/dedecode/list_1_8.html,8,机械重工类网站织梦模板
http://www.dede58.com/a/dedecode/list_1_8.html,8,服装产品展示类网站织梦模板
http://www.dede58.com/a/dedecode/list_1_8.html,8,教育留学培训网站织梦模板
http://www.dede58.com/a/dedecode/list_1_8.html,8,美容美甲类网站手机模板
http://www.dede58.com/a/dedecode/list_1_8.html,8,农林园林景观行业网站整站织梦源码(带手机端)
http://www.dede58.com/a/dedecode/list_1_8.html,8,家政搬家服务行业网站织梦模板(带手机端)
http://www.dede58.com/a/dedecode/list_1_9.html,9,绿色风格农林牧渔行业网站织梦模板(带手机端)
http://www.dede58.com/a/dedecode/list_1_9.html,9,电脑电子设备维修服务类网站织梦模板
http://www.dede58.com/a/dedecode/list_1_9.html,9,广告标志标识设计类网站织梦模板
http://www.dede58.com/a/dedecode/list_1_9.html,9,红色招商加盟食品类企业网站织梦模板(带手机端)
http://www.dede58.com/a/dedecode/list_1_9.html,9,医疗器械培训类网站织梦模板
http://www.dede58.com/a/dedecode/list_1_9.html,9,文化传媒婚纱摄影类网站织梦模板
http://www.dede58.com/a/dedecode/list_1_9.html,9,生物科技医学类网站织梦模板
http://www.dede58.com/a/dedecode/list_1_9.html,9,绿色墙绘装饰设计公司网站织梦模板
http://www.dede58.com/a/dedecode/list_1_9.html,9,广告展厅设计类网站织梦模板
http://www.dede58.com/a/dedecode/list_1_9.html,9,电子机械设备行业网站织梦模板(带手机端)
http://www.dede58.com/a/dedecode/list_1_9.html,9,蓝黑风格生活服务行业网站织梦模板(带手机端)
http://www.dede58.com/a/dedecode/list_1_9.html,9,食品红枣包装礼盒类网站织梦模板
http://www.dede58.com/a/dedecode/list_1_9.html,9,小清新唯美个人营销类网站织梦源码
http://www.dede58.com/a/dedecode/list_1_9.html,9,企业网站通用织梦模板整站带后台
http://www.dede58.com/a/dedecode/list_1_9.html,9,刷卡机手机POS机类网站织梦模板
http://www.dede58.com/a/dedecode/list_1_9.html,9,简洁大方餐饮培训类商城样式培训织梦模板
http://www.dede58.com/a/dedecode/list_1_9.html,9,html5响应式自适应体育设施塑胶跑道制作材料织梦模板
http://www.dede58.com/a/dedecode/list_1_9.html,9,原有动态数据自动调用贵金属金融类织梦模板
http://www.dede58.com/a/dedecode/list_1_9.html,9,金融投资理财类通用网站织梦模板
http://www.dede58.com/a/dedecode/list_1_9.html,9,微交易平台贵金属大宗交易网站织梦模板
http://www.dede58.com/a/dedecode/list_1_10.html,10,通用商务咨询商标注册认证类网站织梦模板
http://www.dede58.com/a/dedecode/list_1_10.html,10,自考招生工商学院类网站织梦模板
http://www.dede58.com/a/dedecode/list_1_10.html,10,织梦纯净水或其它企业通用整站模板
http://www.dede58.com/a/dedecode/list_1_10.html,10,婚纱影像摄影类工作室网站织梦模板
http://www.dede58.com/a/dedecode/list_1_10.html,10,投资股票资金管理公司网站织梦模板
http://www.dede58.com/a/dedecode/list_1_10.html,10,粉红色家政服务月嫂类网站织梦模板
http://www.dede58.com/a/dedecode/list_1_10.html,10,织梦农药化工贸易通用企业整站模板
http://www.dede58.com/a/dedecode/list_1_10.html,10,金融投资管理类网站织梦模板
http://www.dede58.com/a/dedecode/list_1_10.html,10,佣金原油贵金属专业平台型网站织梦模板
http://www.dede58.com/a/dedecode/list_1_10.html,10,织梦蓝色条码纸业企业通用整站模板
http://www.dede58.com/a/dedecode/list_1_10.html,10,装修建材地板类网站织梦模板
http://www.dede58.com/a/dedecode/list_1_10.html,10,红色大型装修设计家装软装别墅装修网站织梦模板
http://www.dede58.com/a/dedecode/list_1_10.html,10,汽车经纪公司汽车租赁类网站织梦模板
http://www.dede58.com/a/dedecode/list_1_10.html,10,反赌类俱乐部网站织梦模板（会员中心）
http://www.dede58.com/a/dedecode/list_1_10.html,10,织梦橡胶制品汽车机械企业通用整站模板(修正版)
http://www.dede58.com/a/dedecode/list_1_10.html,10,高档服装设计定制外贸网站织梦源码
http://www.dede58.com/a/dedecode/list_1_10.html,10,影视传媒企业通用类网站织梦模板
http://www.dede58.com/a/dedecode/list_1_10.html,10,绿色主题贵金属网站织梦模板
http://www.dede58.com/a/dedecode/list_1_10.html,10,大宗商品现货交易市场网站织梦模板
http://www.dede58.com/a/dedecode/list_1_10.html,10,织梦仿今日头条新闻简洁资讯整站模板
http://www.dede58.com/a/dedecode/list_1_11.html,11,体育设施用品类网站织梦模板
http://www.dede58.com/a/dedecode/list_1_11.html,11,户外拓展活动类网站织梦dedecms模板
http://www.dede58.com/a/dedecode/list_1_11.html,11,餐饮小吃培训网站模板织梦源码(带手机端)
http://www.dede58.com/a/dedecode/list_1_11.html,11,织梦文章新闻博客类网站源码模板自适应手机移动设备
http://www.dede58.com/a/dedecode/list_1_11.html,11,微商化妆品美容面膜类网站织梦模板
http://www.dede58.com/a/dedecode/list_1_11.html,11,景点旅游开发类公司网站织梦模板
http://www.dede58.com/a/dedecode/list_1_11.html,11,金融融资投资租赁类网站织梦模板
http://www.dede58.com/a/dedecode/list_1_11.html,11,绿色苗木农业园林类企业网站织梦模板
http://www.dede58.com/a/dedecode/list_1_11.html,11,旅游景点美食类网站织梦模板
http://www.dede58.com/a/dedecode/list_1_11.html,11,蓝色响应式会计培训机构学校网站织梦模板（自适应）
http://www.dede58.com/a/dedecode/list_1_11.html,11,金黄色金融投资信息类企业织梦模板
http://www.dede58.com/a/dedecode/list_1_11.html,11,蓝色招商新闻资讯类织梦手机模板
http://www.dede58.com/a/dedecode/list_1_11.html,11,医疗健康管理类公司网站织梦模板
http://www.dede58.com/a/dedecode/list_1_11.html,11,高端装修三维空间设计类网站织梦模板
http://www.dede58.com/a/dedecode/list_1_11.html,11,食品白酒红酒酒类企业织梦模板
http://www.dede58.com/a/dedecode/list_1_11.html,11,酒类食品行业网站织梦dedecms模板
http://www.dede58.com/a/dedecode/list_1_11.html,11,保姆服务育婴家政类网站织梦源码
http://www.dede58.com/a/dedecode/list_1_11.html,11,红色家政服务空调搬家类网址织梦模板(带手机端)
http://www.dede58.com/a/dedecode/list_1_11.html,11,化妆品美容护肤品类网站织梦模板
http://www.dede58.com/a/dedecode/list_1_11.html,11,车险小额贷款类企业网站织梦模板
http://www.dede58.com/a/dedecode/list_1_12.html,12,印刷装修类企业网站织梦dedecms模板
http://www.dede58.com/a/dedecode/list_1_12.html,12,花卉园林类网站织梦模板
http://www.dede58.com/a/dedecode/list_1_12.html,12,织梦黑白仿特娱娱乐资讯文章类门户整站模板
http://www.dede58.com/a/dedecode/list_1_12.html,12,厨房食品美食小吃培训中心网站织梦模板
http://www.dede58.com/a/dedecode/list_1_12.html,12,带动态数据的贵金属金融类企业网站织梦模板
http://www.dede58.com/a/dedecode/list_1_12.html,12,织梦红色大气贵金属喊单直播间整站源码
http://www.dede58.com/a/dedecode/list_1_12.html,12,美甲美容美发化妆培训机构学校类企业织梦模板
http://www.dede58.com/a/dedecode/list_1_12.html,12,新娘化妆培训类企业网站织梦模板
http://www.dede58.com/a/dedecode/list_1_12.html,12,聋哑聋儿康复院特殊学校类网站织梦模板
http://www.dede58.com/a/dedecode/list_1_12.html,12,绿色中小学学校网站织梦模板
http://www.dede58.com/a/dedecode/list_1_12.html,12,双语响应式自适应企业通用织梦模板（中英文版）
http://www.dede58.com/a/dedecode/list_1_12.html,12,财会考试_考试留学移民资讯网织梦dedecms源码
http://www.dede58.com/a/dedecode/list_1_12.html,12,织梦绿色大气服装类通用企业整站模板
http://www.dede58.com/a/dedecode/list_1_12.html,12,五金塑料制品产品类企业网站织梦模板
http://www.dede58.com/a/dedecode/list_1_12.html,12,织梦蓝色论文期刊文章带在线投稿整站模板
http://www.dede58.com/a/dedecode/list_1_12.html,12,织梦化妆品官网美容网站化妆品网站dedecms模板
http://www.dede58.com/a/dedecode/list_1_12.html,12,织梦褐色仿产权交易所整站模板（带数据）
http://www.dede58.com/a/dedecode/list_1_12.html,12,织梦2016最新微商货源网完整版源码
http://www.dede58.com/a/dedecode/list_1_12.html,12,织梦蓝白博客新闻站群通用文章类整站模板
http://www.dede58.com/a/dedecode/list_1_12.html,12,DEDECMS仿奇闻网新闻文章资讯类整站源码（修正版）
http://www.dede58.com/a/dedecode/list_1_13.html,13,HTML5响应式清新博客文章织梦模板
http://www.dede58.com/a/dedecode/list_1_13.html,13,绿色农业农机产品机械企业网站织梦模板
http://www.dede58.com/a/dedecode/list_1_13.html,13,织梦蓝色大气娱乐资讯文章网站模板
http://www.dede58.com/a/dedecode/list_1_13.html,13,织梦红色企业管理咨询拓展特训类整站源码
http://www.dede58.com/a/dedecode/list_1_13.html,13,织梦橙黄色招标企业网站整站源码
http://www.dede58.com/a/dedecode/list_1_13.html,13,织梦蓝色标准通用水务公司整站模板
http://www.dede58.com/a/dedecode/list_1_13.html,13,织梦简洁古典文学网站整站模板
http://www.dede58.com/a/dedecode/list_1_13.html,13,个人女性时尚博客导购类网站织梦模板
http://www.dede58.com/a/dedecode/list_1_13.html,13,织梦蓝色防爆电子产品企业整站模板
http://www.dede58.com/a/dedecode/list_1_13.html,13,织梦红色自媒体新闻HTML5响应式模板
http://www.dede58.com/a/dedecode/list_1_13.html,13,蓝色食品商贸公司类网站dedecms模板
http://www.dede58.com/a/dedecode/list_1_13.html,13,餐饮美食酒店类企业网站织梦源码（带预约功能）
http://www.dede58.com/a/dedecode/list_1_13.html,13,红色大气家具行业网站织梦模版
http://www.dede58.com/a/dedecode/list_1_13.html,13,资讯文章类织梦模板带整站数据
http://www.dede58.com/a/dedecode/list_1_13.html,13,织梦紫粉色美容养生会馆网站模板
http://www.dede58.com/a/dedecode/list_1_13.html,13,织梦红色大型创业财富资讯类整站模板
http://www.dede58.com/a/dedecode/list_1_13.html,13,织梦蓝色安防器材公司类整站模板
http://www.dede58.com/a/dedecode/list_1_13.html,13,织梦黑色简洁婚纱摄影类企业整站模板
http://www.dede58.com/a/dedecode/list_1_13.html,13,粉红色清爽发型美女图片dede模板整站
http://www.dede58.com/a/dedecode/list_1_13.html,13,织梦红白大气机械类企业整站模板(修正版)
http://www.dede58.com/a/dedecode/list_1_14.html,14,织梦蓝色企业通用型网站手机模板（独立后台）
http://www.dede58.com/a/dedecode/list_1_14.html,14,织梦深绿机械设备电子设备中文双语模板(修正版)
http://www.dede58.com/a/dedecode/list_1_14.html,14,科技资讯织梦博客模板宽屏带数据
http://www.dede58.com/a/dedecode/list_1_14.html,14,农林农业木苗产品网站织梦模板
http://www.dede58.com/a/dedecode/list_1_14.html,14,织梦文章模板质感时间轴个人博客模板
http://www.dede58.com/a/dedecode/list_1_14.html,14,服装职业服饰面料类企业网站织梦模板
http://www.dede58.com/a/dedecode/list_1_14.html,14,黑色的响应式自适应电子科技网站企业织梦模板
http://www.dede58.com/a/dedecode/list_1_14.html,14,农业科技类企业网站织梦源码
http://www.dede58.com/a/dedecode/list_1_14.html,14,蓝色营销型类网站织梦手机模板（即时同步数据）
http://www.dede58.com/a/dedecode/list_1_14.html,14,模特礼仪明星艺人类企业网站织梦模板
http://www.dede58.com/a/dedecode/list_1_14.html,14,dedecms淘宝客织梦模板
http://www.dede58.com/a/dedecode/list_1_14.html,14,中国风文学校书画艺术古色古香类企业网站织梦模板
http://www.dede58.com/a/dedecode/list_1_14.html,14,仿ITHOME源码库素材类织梦网站模板
http://www.dede58.com/a/dedecode/list_1_14.html,14,绿色农业生态产品类企业网站织梦模板
http://www.dede58.com/a/dedecode/list_1_14.html,14,家装木材门业类企业网站织梦模板
http://www.dede58.com/a/dedecode/list_1_14.html,14,HTML5网络设计公司织梦dedecms整站模板
http://www.dede58.com/a/dedecode/list_1_14.html,14,蓝色商务学院职业技术学校类网站织梦模板
http://www.dede58.com/a/dedecode/list_1_14.html,14,织梦蓝色通用企业wap手机网站源码
http://www.dede58.com/a/dedecode/list_1_14.html,14,高端培训机构教育类企业网站织梦模板
http://www.dede58.com/a/dedecode/list_1_14.html,14,蓝色营销型剃须刀片类企业网站织梦模板
http://www.dede58.com/a/dedecode/list_1_15.html,15,工业机械化工泵配件类企业网站织梦模板
http://www.dede58.com/a/dedecode/list_1_15.html,15,机械环保类企业网站织梦模板
http://www.dede58.com/a/dedecode/list_1_15.html,15,蓝色石材建材类企业网站织梦模板
http://www.dede58.com/a/dedecode/list_1_15.html,15,机械化工科技企业类公司网站织梦模板
http://www.dede58.com/a/dedecode/list_1_15.html,15,大气绿色塑料扎带类企业网站织梦模板
http://www.dede58.com/a/dedecode/list_1_15.html,15,绿色能源环保检测健康类企业织梦模板
http://www.dede58.com/a/dedecode/list_1_15.html,15,绿色装饰材料家具公司网站织梦模板
http://www.dede58.com/a/dedecode/list_1_15.html,15,dedecms仿虎嗅商在线视频教育门户网站织梦模板
http://www.dede58.com/a/dedecode/list_1_15.html,15,驾校驾驶学校汽车类行业网站织梦模板
http://www.dede58.com/a/dedecode/list_1_15.html,15,红色政府供销社类部门网站织梦模板
http://www.dede58.com/a/dedecode/list_1_15.html,15,新闻门户资讯文章类织梦模板
http://www.dede58.com/a/dedecode/list_1_15.html,15,汽车制造类企业网站模板
http://www.dede58.com/a/dedecode/list_1_15.html,15,贵金属金融交易投资类企业网站织梦模板
http://www.dede58.com/a/dedecode/list_1_15.html,15,环保涂料化工产品类企业网站织梦模板
http://www.dede58.com/a/dedecode/list_1_15.html,15,机械重工工业产品展示类企业网站织梦模板
http://www.dede58.com/a/dedecode/list_1_15.html,15,蓝色培训机构大学教育学校学院类网站织梦模板
http://www.dede58.com/a/dedecode/list_1_15.html,15,蓝色大气物流运输公司企业网站织梦模板
http://www.dede58.com/a/dedecode/list_1_15.html,15,策划包装印刷公司网站织梦模板
http://www.dede58.com/a/dedecode/list_1_15.html,15,英文版外贸工业机械类网站织梦模板
http://www.dede58.com/a/dedecode/list_1_15.html,15,商业策划广告装修设计公司类网站织梦模板
http://www.dede58.com/a/dedecode/list_1_16.html,16,蓝色整形医院医疗美容类网站织梦模板
http://www.dede58.com/a/dedecode/list_1_16.html,16,工业化工化学产品类企业网站织梦模板
http://www.dede58.com/a/dedecode/list_1_16.html,16,绿色清新节能环保净水器类企业网站织梦模板
http://www.dede58.com/a/dedecode/list_1_16.html,16,体育用品器材器械类企业织梦模板
http://www.dede58.com/a/dedecode/list_1_16.html,16,国际高中课程教育培训中心响应式网站织梦源码
http://www.dede58.com/a/dedecode/list_1_16.html,16,金融基金黄金投资类网站织梦模板
http://www.dede58.com/a/dedecode/list_1_16.html,16,大气蓝色机械设备电子集团网站织梦模板
http://www.dede58.com/a/dedecode/list_1_16.html,16,红色品牌酒类食品行业公司网站织梦模板
http://www.dede58.com/a/dedecode/list_1_16.html,16,大气旅行社旅游类公司网站织梦模板
http://www.dede58.com/a/dedecode/list_1_16.html,16,最新升级仿中华新闻社文章门户类织梦模板
http://www.dede58.com/a/dedecode/list_1_16.html,16,医疗妇科美容医院类网站织梦模板
http://www.dede58.com/a/dedecode/list_1_16.html,16,最新升级仿爱新闻文章门户织梦模板
http://www.dede58.com/a/dedecode/list_1_16.html,16,蓝色成人培训远程教育类企业织梦模板
http://www.dede58.com/a/dedecode/list_1_16.html,16,大气化工燃料类企业公司网站织梦模板
http://www.dede58.com/a/dedecode/list_1_16.html,16,工程机械吊塔设备网站织梦模板
http://www.dede58.com/a/dedecode/list_1_16.html,16,仿安卓中国自适应博客类织梦模板
http://www.dede58.com/a/dedecode/list_1_16.html,16,多彩网络设计网站建设类企业公司织梦模板
http://www.dede58.com/a/dedecode/list_1_16.html,16,大气网站设计建设类公司网站织梦模板
http://www.dede58.com/a/dedecode/list_1_16.html,16,清新幼儿教育文章资讯类企业织梦模板
http://www.dede58.com/a/dedecode/list_1_16.html,16,机械制造类企业网站dedecms模板
http://www.dede58.com/a/dedecode/list_1_17.html,17,红色机械电子设备类企业网站织梦模板
http://www.dede58.com/a/dedecode/list_1_17.html,17,网络设计建设服务类公司网站织梦模板
http://www.dede58.com/a/dedecode/list_1_17.html,17,绿色清新网络工作室类公司网站织梦模板
http://www.dede58.com/a/dedecode/list_1_17.html,17,医药药品医疗保健行业网站织梦模板
http://www.dede58.com/a/dedecode/list_1_17.html,17,绿色广告设计类企业公司网站织梦模板
http://www.dede58.com/a/dedecode/list_1_17.html,17,酒窖酒庄产品展示设计公司织梦模板
http://www.dede58.com/a/dedecode/list_1_17.html,17,机械工业机电产品网站织梦模板
http://www.dede58.com/a/dedecode/list_1_17.html,17,简洁公关文化传媒类公司网站织梦模板
http://www.dede58.com/a/dedecode/list_1_17.html,17,自适应电子防盗产品展示网站织梦模板
http://www.dede58.com/a/dedecode/list_1_17.html,17,简繁双语工业水利工程项目类企业网站织梦模板
http://www.dede58.com/a/dedecode/list_1_17.html,17,简洁大方房地产企业网站织梦模板
http://www.dede58.com/a/dedecode/list_1_17.html,17,房地产带楼盘展示类企业网站织梦模板
http://www.dede58.com/a/dedecode/list_1_17.html,17,机械电源设备类网站织梦模板
http://www.dede58.com/a/dedecode/list_1_17.html,17,简洁家庭装修装饰类企业织梦模板
http://www.dede58.com/a/dedecode/list_1_17.html,17,酒类酒业酒庄食品类网站织梦模板
http://www.dede58.com/a/dedecode/list_1_17.html,17,蓝色dedecms简洁通用企业公司织梦模板
http://www.dede58.com/a/dedecode/list_1_17.html,17,简洁红色电子商务类企业网站模板
http://www.dede58.com/a/dedecode/list_1_17.html,17,宽屏大气景观环保设计公司织梦模板
http://www.dede58.com/a/dedecode/list_1_17.html,17,简洁科技电子企业通用网站织梦模板（红绿蓝三色）
http://www.dede58.com/a/dedecode/list_1_17.html,17,绿色大学院校信息展示类网站织梦模板
http://www.dede58.com/a/dedecode/list_1_18.html,18,古玩瓷器艺术品交易中心手机模板
http://www.dede58.com/a/dedecode/list_1_18.html,18,蓝色科技资讯博客类网站织梦模板(带置顶文章功能)
http://www.dede58.com/a/dedecode/list_1_18.html,18,简洁大气家居家具行业企业网站织梦模板
http://www.dede58.com/a/dedecode/list_1_18.html,18,蓝色机械电子通用类企业站dedecms模板
http://www.dede58.com/a/dedecode/list_1_18.html,18,室内空气质量检测环保类企业网站模板
http://www.dede58.com/a/dedecode/list_1_18.html,18,蓝色简洁集团企业通用织梦模板
http://www.dede58.com/a/dedecode/list_1_18.html,18,激光电子机械科技类通用企业公司网站织梦模板
http://www.dede58.com/a/dedecode/list_1_18.html,18,粉红色清爽发型美容美发类网站dedecms模板
http://www.dede58.com/a/dedecode/list_1_18.html,18,漂亮清新园林装修类企业dedecms模板
http://www.dede58.com/a/dedecode/list_1_18.html,18,黑绿色环保农业农林类企业公司织梦模板
http://www.dede58.com/a/dedecode/list_1_18.html,18,大气网络设计公司工作室织梦模板
http://www.dede58.com/a/dedecode/list_1_18.html,18,简洁财务金融类企业公司dedecms模板
http://www.dede58.com/a/dedecode/list_1_18.html,18,大气餐饮食品类企业通用dedecms模板(修正版)
http://www.dede58.com/a/dedecode/list_1_18.html,18,蓝色机械电子设备类公司织梦模板
http://www.dede58.com/a/dedecode/list_1_18.html,18,美术艺术培训教育类企业织梦模板
http://www.dede58.com/a/dedecode/list_1_18.html,18,创意网络营销类企业网站织梦模板
http://www.dede58.com/a/dedecode/list_1_18.html,18,婚嫁婚纱摄影设计类网站织梦模板
http://www.dede58.com/a/dedecode/list_1_18.html,18,大气网络建设设计类企业公司网站织梦模板（完整版）
http://www.dede58.com/a/dedecode/list_1_18.html,18,彩色小清新博客文章类网站织梦模板
http://www.dede58.com/a/dedecode/list_1_18.html,18,HTML5自适应仿WP大学织梦整站源码
http://www.dede58.com/a/dedecode/list_1_19.html,19,HTML5移动端手机自适应儿童家居类企业织梦模板
http://www.dede58.com/a/dedecode/list_1_19.html,19,蓝色物业类企业公司网站织梦模板
http://www.dede58.com/a/dedecode/list_1_19.html,19,HTML5绿色响应式博客文章类织梦整站源码
http://www.dede58.com/a/dedecode/list_1_19.html,19,SEO服务公司网站织梦模板
http://www.dede58.com/a/dedecode/list_1_19.html,19,大气广告设计类企业公司网站织梦模板
http://www.dede58.com/a/dedecode/list_1_19.html,19,女性时尚文章娱乐新闻类行业网站织梦模板
http://www.dede58.com/a/dedecode/list_1_19.html,19,织梦dedecms仿CCTV门户资讯新闻类网站源码
http://www.dede58.com/a/dedecode/list_1_19.html,19,大气机械工业生产类企业网站织梦模板
http://www.dede58.com/a/dedecode/list_1_19.html,19,生物科技农业环保类网站织梦模板（带手机端）
http://www.dede58.com/a/dedecode/list_1_19.html,19,HTML5响应式黑白博客文章类织梦模板
http://www.dede58.com/a/dedecode/list_1_19.html,19,灰色高端大气的建站公司网站织梦源码
http://www.dede58.com/a/dedecode/list_1_19.html,19,家政搬家货运类企业公司网站织梦模板
http://www.dede58.com/a/dedecode/list_1_19.html,19,绿色简洁企业通用网站织梦模板
http://www.dede58.com/a/dedecode/list_1_19.html,19,织梦红色磨粉机通用工厂类整站模板
http://www.dede58.com/a/dedecode/list_1_19.html,19,租车车行4s店类企业网站织梦模板
http://www.dede58.com/a/dedecode/list_1_19.html,19,织梦灰色简约网络工作室整站模板
http://www.dede58.com/a/dedecode/list_1_19.html,19,织梦仿模板堂资源交易下载整站源码
http://www.dede58.com/a/dedecode/list_1_19.html,19,织梦仿东莞美立方整形医院网站手机模板（独立后台）
http://www.dede58.com/a/dedecode/list_1_19.html,19,Html5高端网络广告策划公司织梦模板
http://www.dede58.com/a/dedecode/list_1_19.html,19,织梦律师个人网站整站模板
http://www.dede58.com/a/dedecode/list_1_20.html,20,简洁金融投资集团公司网站织梦源码
http://www.dede58.com/a/dedecode/list_1_20.html,20,黑白宽屏通用医院类仿上海整形医院整站模板
http://www.dede58.com/a/dedecode/list_1_20.html,20,酒店管理行业企业网站通用织梦整站模板
http://www.dede58.com/a/dedecode/list_1_20.html,20,金融投资资金理财类企业网站织梦模板
http://www.dede58.com/a/dedecode/list_1_20.html,20,生物科技植物食品油类公司网站织梦模板
http://www.dede58.com/a/dedecode/list_1_20.html,20,简雅餐饮茶叶食品类企业网站织梦整站模板
http://www.dede58.com/a/dedecode/list_1_20.html,20,WAP整形医院手机网站源码 南京康美整形医院手机网站
http://www.dede58.com/a/dedecode/list_1_20.html,20,食品餐饮行业企业网站dedecms模板
http://www.dede58.com/a/dedecode/list_1_20.html,20,黑色电子机械设备企业通用公司网站织梦模板
http://www.dede58.com/a/dedecode/list_1_20.html,20,工业机械设备企业公司网站织梦模板
http://www.dede58.com/a/dedecode/list_1_20.html,20,红色工业机械热处理企业网站织梦模板
http://www.dede58.com/a/dedecode/list_1_20.html,20,绿色生物科技环保类企业网站织梦模板
http://www.dede58.com/a/dedecode/list_1_20.html,20,模板源码学习分享下载类网站织梦模板
http://www.dede58.com/a/dedecode/list_1_20.html,20,简洁窗帘布料企业通用网站织梦模板
http://www.dede58.com/a/dedecode/list_1_20.html,20,医院医疗口腔医学美容中心类企业网站织梦模板
http://www.dede58.com/a/dedecode/list_1_20.html,20,金融基金投资理财类企业网站织梦模板
http://www.dede58.com/a/dedecode/list_1_20.html,20,绿色家居装饰装修类企业网站模板
http://www.dede58.com/a/dedecode/list_1_20.html,20,大气品牌传播广告设计类企业公司织梦模板
http://www.dede58.com/a/dedecode/list_1_20.html,20,古典策划推广传播文化传媒类企业网站织梦模板
http://www.dede58.com/a/dedecode/list_1_20.html,20,文化传播传媒策划类企业网站织梦模板
http://www.dede58.com/a/dedecode/list_1_21.html,21,建材石材装修室内装饰类企业网站织梦模板
http://www.dede58.com/a/dedecode/list_1_21.html,21,大气家居家具厨房橱柜用品企业网站织梦模板
http://www.dede58.com/a/dedecode/list_1_21.html,21,黑色大气企业通用集团公司网站dedecms模板
http://www.dede58.com/a/dedecode/list_1_21.html,21,蓝色大气搬家家政公司网站织梦源码
http://www.dede58.com/a/dedecode/list_1_21.html,21,织梦HTML5紫色响应式软装装修类企业模板
http://www.dede58.com/a/dedecode/list_1_21.html,21,最新版织梦PC手机同步装修公司手机模板
http://www.dede58.com/a/dedecode/list_1_21.html,21,绿色办公家居家具营销类企业通用网站织梦模板
http://www.dede58.com/a/dedecode/list_1_21.html,21,环境与社会发展中心部门企业网站织梦模板
http://www.dede58.com/a/dedecode/list_1_21.html,21,大气机械设备营销类企业网站织梦模板
http://www.dede58.com/a/dedecode/list_1_21.html,21,织梦简洁大方大气淘宝客购物网站模板
http://www.dede58.com/a/dedecode/list_1_21.html,21,小清新个人博客文章类网站织梦模板
http://www.dede58.com/a/dedecode/list_1_21.html,21,电子科技LED灯具类企业网站织梦模板
http://www.dede58.com/a/dedecode/list_1_21.html,21,浅绿色建筑工程有限公司企业模板(带手机站)
http://www.dede58.com/a/dedecode/list_1_21.html,21,机械体育运动健身器材营销类企业网站织梦模板
http://www.dede58.com/a/dedecode/list_1_21.html,21,家居床上用品类企业网站dedecms模板
http://www.dede58.com/a/dedecode/list_1_21.html,21,高端建材卫浴类企业网站织梦模板
http://www.dede58.com/a/dedecode/list_1_21.html,21,织梦最新版手机通用企业模板（同一后台管理）
http://www.dede58.com/a/dedecode/list_1_21.html,21,大气房地产商业类企业网站织梦模板
http://www.dede58.com/a/dedecode/list_1_21.html,21,金融投资理财类企业公司网站织梦模板
http://www.dede58.com/a/dedecode/list_1_21.html,21,简洁大气农业农林环保类企业织梦模板
http://www.dede58.com/a/dedecode/list_1_22.html,22,织梦黑色服装产品展示网站模板
http://www.dede58.com/a/dedecode/list_1_22.html,22,非主流文章资讯文章博客dedecms模板
http://www.dede58.com/a/dedecode/list_1_22.html,22,多媒体科技公司企业网站织梦模板
http://www.dede58.com/a/dedecode/list_1_22.html,22,超大气整形医院类网站织梦模板
http://www.dede58.com/a/dedecode/list_1_22.html,22,展柜展览展示类企业公司织梦模板（修正版）
http://www.dede58.com/a/dedecode/list_1_22.html,22,大气数码产品电子类企业织梦模板
http://www.dede58.com/a/dedecode/list_1_22.html,22,html5响应式布局电子产品类企业织梦模板
http://www.dede58.com/a/dedecode/list_1_22.html,22,大气宾馆星级酒店餐饮咖啡厅网站织梦模板
http://www.dede58.com/a/dedecode/list_1_22.html,22,机械电子触控制图信息类企业织梦模板
http://www.dede58.com/a/dedecode/list_1_22.html,22,汽车4s销售点汽车展示店网站织梦模板
http://www.dede58.com/a/dedecode/list_1_22.html,22,大气取名算命类企业网站织梦模板
http://www.dede58.com/a/dedecode/list_1_22.html,22,橱柜家具类企业公司网站织梦模板
http://www.dede58.com/a/dedecode/list_1_22.html,22,蓝色人力资源招聘类企业网站织梦模板
http://www.dede58.com/a/dedecode/list_1_22.html,22,HTML5简约大气化妆美甲培训学校类企业网站织梦模板
http://www.dede58.com/a/dedecode/list_1_22.html,22,度假景区酒店预定类企业织梦模板
http://www.dede58.com/a/dedecode/list_1_22.html,22,金融投资资金理财类企业织梦模板
http://www.dede58.com/a/dedecode/list_1_22.html,22,大气宾馆酒店饭店类企业网站织梦模板
http://www.dede58.com/a/dedecode/list_1_22.html,22,整形美容医院类企业网站织梦模板
http://www.dede58.com/a/dedecode/list_1_22.html,22,皮衣皮革生产类工业企业织梦模板
http://www.dede58.com/a/dedecode/list_1_22.html,22,投资基金融资理财服务行业织梦模板
http://www.dede58.com/a/dedecode/list_1_23.html,23,织梦大气金融类通用企业网站模板
http://www.dede58.com/a/dedecode/list_1_23.html,23,简洁大气品牌广告设计类企业公司织梦模板
http://www.dede58.com/a/dedecode/list_1_23.html,23,红灰色大气网络工作室织梦模板
http://www.dede58.com/a/dedecode/list_1_23.html,23,教育培训机构学校类网站织梦模板
http://www.dede58.com/a/dedecode/list_1_23.html,23,军绿色品牌鞋业鞋类行业公司织梦模板
http://www.dede58.com/a/dedecode/list_1_23.html,23,红色织梦票样业务企业通用模板
http://www.dede58.com/a/dedecode/list_1_23.html,23,娱乐多媒体类企业公司织梦模板
http://www.dede58.com/a/dedecode/list_1_23.html,23,集装箱集团企业类公司织梦模板
http://www.dede58.com/a/dedecode/list_1_23.html,23,婚纱摄影婚庆礼仪类企业公司织梦模板
http://www.dede58.com/a/dedecode/list_1_23.html,23,中英版蓝色大气物流公司企业网站整站织梦模板
http://www.dede58.com/a/dedecode/list_1_23.html,23,绿色室内装修装饰类公司企业织梦模板
http://www.dede58.com/a/dedecode/list_1_23.html,23,简单机电设备机械类企业织梦模板
http://www.dede58.com/a/dedecode/list_1_23.html,23,织梦html5金属制品电子五金通用企业公司模板
http://www.dede58.com/a/dedecode/list_1_23.html,23,DEDECMS绿色简洁文章网站源码模板
http://www.dede58.com/a/dedecode/list_1_23.html,23,房地产公司企业织梦dedecms模板
http://www.dede58.com/a/dedecode/list_1_23.html,23,机械电子类企业织梦dedecms模板
http://www.dede58.com/a/dedecode/list_1_23.html,23,大气陈列展示行业企业通用织梦模板
http://www.dede58.com/a/dedecode/list_1_23.html,23,辅导培训机构留学教育类企业织梦模板
http://www.dede58.com/a/dedecode/list_1_23.html,23,电子产品展示科技产品公司企业网站织梦模板
http://www.dede58.com/a/dedecode/list_1_23.html,23,大气旅游分享类企业通用织梦模板
http://www.dede58.com/a/dedecode/list_1_24.html,24,蓝色大气学校学院网站织梦模板
http://www.dede58.com/a/dedecode/list_1_24.html,24,简洁大气食品餐饮行业企业公司织梦模板
http://www.dede58.com/a/dedecode/list_1_24.html,24,房地产企业公司织梦模板
http://www.dede58.com/a/dedecode/list_1_24.html,24,蓝色安防监控弱电等科技类企业织梦模板
http://www.dede58.com/a/dedecode/list_1_24.html,24,生物科技环保类企业织梦模板
http://www.dede58.com/a/dedecode/list_1_24.html,24,涂料防水环保材料类企业织梦模板
http://www.dede58.com/a/dedecode/list_1_24.html,24,网络科技软件开发类企业通用织梦模板
http://www.dede58.com/a/dedecode/list_1_24.html,24,html5材料产品设备集团公司通用企业织梦模板
http://www.dede58.com/a/dedecode/list_1_24.html,24,织梦青绿色健康养生资讯网站整站模板
http://www.dede58.com/a/dedecode/list_1_24.html,24,餐饮饮食食品类企业织梦模板
http://www.dede58.com/a/dedecode/list_1_24.html,24,自适应电子产品类通用企业织梦模板
http://www.dede58.com/a/dedecode/list_1_24.html,24,简洁大气网站建设网络设计类企业织梦模板
http://www.dede58.com/a/dedecode/list_1_24.html,24,简洁大气旅行社企业织梦模板
http://www.dede58.com/a/dedecode/list_1_24.html,24,红色美食西餐厅饭店川菜馆食品类企业织梦模板
http://www.dede58.com/a/dedecode/list_1_24.html,24,广告设计别墅装饰工作室类企业织梦模板
http://www.dede58.com/a/dedecode/list_1_24.html,24,简洁大气餐饮连锁企业织梦模板
http://www.dede58.com/a/dedecode/list_1_24.html,24,红色早教幼儿园类学校织梦模板
http://www.dede58.com/a/dedecode/list_1_24.html,24,大气机械电子类企业织梦模板
http://www.dede58.com/a/dedecode/list_1_24.html,24,蓝色大气宽屏环保产品企业织梦模板(修正版)
http://www.dede58.com/a/dedecode/list_1_24.html,24,旅游景区景点旅游攻略类企业织梦模板
http://www.dede58.com/a/dedecode/list_1_25.html,25,教育培训机构触屏手机版整站模板
http://www.dede58.com/a/dedecode/list_1_25.html,25,LED灯具机械工业类企业通用织梦模板
http://www.dede58.com/a/dedecode/list_1_25.html,25,简洁大气手机软件开发科技类企业织梦模板
http://www.dede58.com/a/dedecode/list_1_25.html,25,HTML5响应式高端纪实婚纱摄影织梦模板
http://www.dede58.com/a/dedecode/list_1_25.html,25,蓝色学校教育网企业织梦模板
http://www.dede58.com/a/dedecode/list_1_25.html,25,大气红色婚纱影楼婚纱摄影类企业织梦模板
http://www.dede58.com/a/dedecode/list_1_25.html,25,灰色大气机电设备公司织梦模板
http://www.dede58.com/a/dedecode/list_1_25.html,25,广告印刷产品包装类企业公司织梦模板
http://www.dede58.com/a/dedecode/list_1_25.html,25,html5响应式手机自适应资源共享类织梦模板
http://www.dede58.com/a/dedecode/list_1_25.html,25,大气景观设计环保类企业织梦模板
http://www.dede58.com/a/dedecode/list_1_25.html,25,HTML5大气网络设计建站类公司网站织梦模板
http://www.dede58.com/a/dedecode/list_1_25.html,25,绿色培训学校教育企业类织梦模板
http://www.dede58.com/a/dedecode/list_1_25.html,25,黑色钟表表带装饰品礼品类企业织梦模板
http://www.dede58.com/a/dedecode/list_1_25.html,25,大气装修家居装饰类企业织梦模板
http://www.dede58.com/a/dedecode/list_1_25.html,25,黑色大气化妆品类企业织梦模板
http://www.dede58.com/a/dedecode/list_1_25.html,25,绿色大气办公家具类企业织梦模板
http://www.dede58.com/a/dedecode/list_1_25.html,25,织梦html5网络设计公司黑色整站模板
http://www.dede58.com/a/dedecode/list_1_25.html,25,简洁酒店旅馆住宿类企业织梦模板
http://www.dede58.com/a/dedecode/list_1_25.html,25,古典大气葡萄酒酒庄酒类企业公司织梦模板
http://www.dede58.com/a/dedecode/list_1_25.html,25,HTML5高端大气黑色网络工作室网络设计织梦模板
http://www.dede58.com/a/dedecode/list_1_26.html,26,黑色flash网络公司网站织梦源码
http://www.dede58.com/a/dedecode/list_1_26.html,26,蓝色极品高端大气带JS特效婚庆摄影网站织梦模板
http://www.dede58.com/a/dedecode/list_1_26.html,26,高端黄色婚庆摄影影视企业网站织梦模版
http://www.dede58.com/a/dedecode/list_1_26.html,26,大气婚纱摄影摄影工作室企业织梦源码
http://www.dede58.com/a/dedecode/list_1_26.html,26,高端婚纱摄影影楼婚庆礼仪公司织梦模板
http://www.dede58.com/a/dedecode/list_1_26.html,26,唯美婚纱摄影婚庆礼仪类企业织梦模板
http://www.dede58.com/a/dedecode/list_1_26.html,26,婚纱摄影婚庆影楼摄影行业织梦模板
http://www.dede58.com/a/dedecode/list_1_26.html,26,2015最新升级仿百度新闻文章门户织梦模板
http://www.dede58.com/a/dedecode/list_1_26.html,26,透明风格IT博客文章类织梦模板
http://www.dede58.com/a/dedecode/list_1_26.html,26,餐饮加盟快餐小吃连锁饮食行业织梦模板
http://www.dede58.com/a/dedecode/list_1_26.html,26,简洁外贸公司电子科技类产品织梦模板
http://www.dede58.com/a/dedecode/list_1_26.html,26,绿色大气旅行社织梦网站源码
http://www.dede58.com/a/dedecode/list_1_26.html,26,html5高端大气集团企业通用织梦网站模板
http://www.dede58.com/a/dedecode/list_1_26.html,26,庆典策划类公司企业通用织梦模板
http://www.dede58.com/a/dedecode/list_1_26.html,26,大气智能家居智能影音类企业通用织梦模板
http://www.dede58.com/a/dedecode/list_1_26.html,26,大气家具行业商城类公司网站织梦模板
http://www.dede58.com/a/dedecode/list_1_26.html,26,红色风格政府部门网站织梦模板
http://www.dede58.com/a/dedecode/list_1_26.html,26,仿牛商网办公家具类营销型网站织梦模板
http://www.dede58.com/a/dedecode/list_1_26.html,26,仿大前端DUX主题织梦模板(多设备支持自适应)
http://www.dede58.com/a/dedecode/list_1_26.html,26,大气LED照明设备企业织梦模版(中英文版)
http://www.dede58.com/a/dedecode/list_1_27.html,27,简洁大气装修装饰类企业织梦模板
http://www.dede58.com/a/dedecode/list_1_27.html,27,大气宽屏织梦CMS红色设备公司企业网站模板
http://www.dede58.com/a/dedecode/list_1_27.html,27,红色大气高端响应式读书周刊企业织梦模板
http://www.dede58.com/a/dedecode/list_1_27.html,27,黑色大气金融投资企业网站织梦模板
http://www.dede58.com/a/dedecode/list_1_27.html,27,珠宝饰品电商商城购物类网站织梦模板
http://www.dede58.com/a/dedecode/list_1_27.html,27,高端html5响应式交互装修类企业网站织梦模板
http://www.dede58.com/a/dedecode/list_1_27.html,27,手机贴膜皮套营销类企业网站织梦模板
http://www.dede58.com/a/dedecode/list_1_27.html,27,织梦红色高贵典雅茶类企业整站模板
http://www.dede58.com/a/dedecode/list_1_27.html,27,绿色学校培训机构类企业通用织梦模板
http://www.dede58.com/a/dedecode/list_1_27.html,27,简洁投资担保类企业通用织梦模板
http://www.dede58.com/a/dedecode/list_1_27.html,27,大气黄色酒店套房行业企业织梦模板
http://www.dede58.com/a/dedecode/list_1_27.html,27,大气工业行业钢铁企业织梦模板
http://www.dede58.com/a/dedecode/list_1_27.html,27,白色物业管理类企业网站通用织梦模板
http://www.dede58.com/a/dedecode/list_1_27.html,27,大气装饰设计建筑工程类企业织梦源码
http://www.dede58.com/a/dedecode/list_1_27.html,27,高端HTML5婚纱摄影婚庆婚礼策划公司网站织梦模板（修正版）
http://www.dede58.com/a/dedecode/list_1_27.html,27,高端网络营销网站织梦源码
http://www.dede58.com/a/dedecode/list_1_27.html,27,军工五金机械设备企业网站织梦源码
http://www.dede58.com/a/dedecode/list_1_27.html,27,瓷器艺术品拍卖行业公司织梦模板
http://www.dede58.com/a/dedecode/list_1_27.html,27,艺术品瓷器拍卖企业类网站织梦模板
http://www.dede58.com/a/dedecode/list_1_27.html,27,简单大气机械设备空调企业织梦源码
http://www.dede58.com/a/dedecode/list_1_28.html,28,大气通用机械设备电子类企业织梦源码
http://www.dede58.com/a/dedecode/list_1_28.html,28,大气教育信息咨询类企业织梦模板
http://www.dede58.com/a/dedecode/list_1_28.html,28,通用营销工业机械展示型企业织梦模板
http://www.dede58.com/a/dedecode/list_1_28.html,28,高端时尚素雅前端设计响应式织梦源码
http://www.dede58.com/a/dedecode/list_1_28.html,28,简约大气网络公司织梦源码（自适应手机平板电脑设备）
http://www.dede58.com/a/dedecode/list_1_28.html,28,大气石材石器建筑材料企业织梦源码
http://www.dede58.com/a/dedecode/list_1_28.html,28,物流货运类企业通用织梦源码
http://www.dede58.com/a/dedecode/list_1_28.html,28,绿色化工涂料公司织梦模板
http://www.dede58.com/a/dedecode/list_1_28.html,28,建筑石材建筑材料类企业公司织梦源码
http://www.dede58.com/a/dedecode/list_1_28.html,28,简单大气新闻资讯博客类网站源码
http://www.dede58.com/a/dedecode/list_1_28.html,28,大气通用广告设计类公司网站模板
http://www.dede58.com/a/dedecode/list_1_28.html,28,瓷器玉石文化收藏品类企业公司织梦模板
http://www.dede58.com/a/dedecode/list_1_28.html,28,织梦蓝色大气的dedecms企业管理后台
http://www.dede58.com/a/dedecode/list_1_28.html,28,空气能源热水工程企业公司网站dedecms源码
http://www.dede58.com/a/dedecode/list_1_28.html,28,教育辅导培训机构学校类企业织梦模板
http://www.dede58.com/a/dedecode/list_1_28.html,28,大气汽车出租销售公司企业网站织梦源码
http://www.dede58.com/a/dedecode/list_1_28.html,28,大气绿色农业生态食品环保类行业织梦源码
http://www.dede58.com/a/dedecode/list_1_28.html,28,精仿砍柴网博客文章类织梦模板(带wap)
http://www.dede58.com/a/dedecode/list_1_28.html,28,大气黑色活动策划设计类企业织梦源码
http://www.dede58.com/a/dedecode/list_1_28.html,28,体育设备健身器材网站织梦源码
http://www.dede58.com/a/dedecode/list_1_29.html,29,大气互联网服务机构类企业公司织梦模板(带wap)
http://www.dede58.com/a/dedecode/list_1_29.html,29,高端衫衫服装品牌类企业网站织梦模板
http://www.dede58.com/a/dedecode/list_1_29.html,29,大气律师事务所企业织梦模板
http://www.dede58.com/a/dedecode/list_1_29.html,29,高端清新大气企业整站织梦源码
http://www.dede58.com/a/dedecode/list_1_29.html,29,文化品牌传播类企业织梦模板
http://www.dede58.com/a/dedecode/list_1_29.html,29,大气绿色文化产业类企业通用织梦模板
http://www.dede58.com/a/dedecode/list_1_29.html,29,蓝色大气安防设备企业通用网站织梦源码
http://www.dede58.com/a/dedecode/list_1_29.html,29,文化书画用品类企业织梦源码
http://www.dede58.com/a/dedecode/list_1_29.html,29,简单大气仪器机电类企业织梦源码
http://www.dede58.com/a/dedecode/list_1_29.html,29,绿色生态环保贸易类企业织梦源码
http://www.dede58.com/a/dedecode/list_1_29.html,29,木材建筑类企业网站织梦源码
http://www.dede58.com/a/dedecode/list_1_29.html,29,大气宽屏房地产投资管理类企业织梦模板
http://www.dede58.com/a/dedecode/list_1_29.html,29,织梦dedecms图片站模板(仿太平洋女性网)
http://www.dede58.com/a/dedecode/list_1_29.html,29,dedecms网络设计工作室-网络公司整站模板
http://www.dede58.com/a/dedecode/list_1_29.html,29,简单大气优尚家具类企业织梦模板
http://www.dede58.com/a/dedecode/list_1_29.html,29,制衣服装设计销售类企业织梦模板
http://www.dede58.com/a/dedecode/list_1_29.html,29,青汾酒及食品酒类企业织梦网站源码
http://www.dede58.com/a/dedecode/list_1_29.html,29,大气装修装饰类企业网站dedecms整站源码
http://www.dede58.com/a/dedecode/list_1_29.html,29,红色漂亮的餐饮加盟企业织梦网站源码
http://www.dede58.com/a/dedecode/list_1_29.html,29,简单大气监控门禁类企业通用织梦源码
http://www.dede58.com/a/dedecode/list_1_30.html,30,大气金融理财类企业公司织梦源码
http://www.dede58.com/a/dedecode/list_1_30.html,30,机械设备建造企业公司织梦源码
http://www.dede58.com/a/dedecode/list_1_30.html,30,绿色装饰建筑类企业公司织梦模板
http://www.dede58.com/a/dedecode/list_1_30.html,30,大气机电企业通用织梦源码
http://www.dede58.com/a/dedecode/list_1_30.html,30,dedecms企业通用模板带手机版
http://www.dede58.com/a/dedecode/list_1_30.html,30,大气LED照明设备企业织梦模版
http://www.dede58.com/a/dedecode/list_1_30.html,30,大气绿色环保墙衣涂料类网站织梦源码
http://www.dede58.com/a/dedecode/list_1_30.html,30,最新婚纱摄影光合流年影楼网站织梦模板
http://www.dede58.com/a/dedecode/list_1_30.html,30,绿色大气生物科技产品类企业织梦源码
http://www.dede58.com/a/dedecode/list_1_30.html,30,餐饮咖啡类企业华丽dedecms模版
http://www.dede58.com/a/dedecode/list_1_30.html,30,高端大气企业管理咨询公司网站织梦模板
http://www.dede58.com/a/dedecode/list_1_30.html,30,织梦大气影楼摄影企业网站模板
http://www.dede58.com/a/dedecode/list_1_30.html,30,织梦家具装饰装修公司网站源码
http://www.dede58.com/a/dedecode/list_1_30.html,30,蓝色政府事业单位类网站织梦模板
http://www.dede58.com/a/dedecode/list_1_30.html,30,大气美观的政府类网站织梦模板
http://www.dede58.com/a/dedecode/list_1_30.html,30,大气环保园林类企业织梦源码
http://www.dede58.com/a/dedecode/list_1_30.html,30,HTML5超酷苹果风格织梦后台模板
http://www.dede58.com/a/dedecode/list_1_30.html,30,html5网络设计类公司企业织梦源码
http://www.dede58.com/a/dedecode/list_1_30.html,30,大气广告展览装饰类公司网站织梦源码
http://www.dede58.com/a/dedecode/list_1_30.html,30,展览类企业公司网站织梦模板 带手机版wap
http://www.dede58.com/a/dedecode/list_1_31.html,31,大气微电影类织梦分享模板
http://www.dede58.com/a/dedecode/list_1_31.html,31,机械机电类企业通用源码
http://www.dede58.com/a/dedecode/list_1_31.html,31,高端大气网络设计公司织梦源码
http://www.dede58.com/a/dedecode/list_1_31.html,31,织梦高端大气蛋糕连锁店企业网站源码
http://www.dede58.com/a/dedecode/list_1_31.html,31,大气教育培训服务公司企业织梦模板
http://www.dede58.com/a/dedecode/list_1_31.html,31,HTML5响应式手机游戏类企业通用织梦模板
http://www.dede58.com/a/dedecode/list_1_31.html,31,红色礼品包装企业网站织梦模板
http://www.dede58.com/a/dedecode/list_1_31.html,31,机械设备企业网站织梦模板
http://www.dede58.com/a/dedecode/list_1_31.html,31,dedecms仿大图网素材分享网站模板dede58首发
http://www.dede58.com/a/dedecode/list_1_31.html,31,灰色机械公司织梦网站源码
http://www.dede58.com/a/dedecode/list_1_31.html,31,红色酒店旅馆餐饮类网站织梦模板
http://www.dede58.com/a/dedecode/list_1_31.html,31,DEDECMS绿色食品网站源码织梦模板
http://www.dede58.com/a/dedecode/list_1_31.html,31,绿色dedecms旅游资讯门户类整站模板
http://www.dede58.com/a/dedecode/list_1_31.html,31,浅蓝色保洁家政类通用企业站织梦模板
http://www.dede58.com/a/dedecode/list_1_31.html,31,农场种植养殖类网站通用织梦模板
http://www.dede58.com/a/dedecode/list_1_31.html,31,绿色小清新印刷印业网站织梦模板
http://www.dede58.com/a/dedecode/list_1_31.html,31,建筑房产装饰企业网站织梦模板
http://www.dede58.com/a/dedecode/list_1_31.html,31,橙色大气dedecms机械设备企业源码
http://www.dede58.com/a/dedecode/list_1_31.html,31,建筑工程类公司企业网站织梦模板
http://www.dede58.com/a/dedecode/list_1_31.html,31,印刷行业HTML5响应式织梦企业整站模板(修正版v1.0)
http://www.dede58.com/a/dedecode/list_1_32.html,32,大气科技类企业织梦整站模板
http://www.dede58.com/a/dedecode/list_1_32.html,32,黑白大气家具装修类企业通用织梦源码
http://www.dede58.com/a/dedecode/list_1_32.html,32,大气钢结构行业集团公司网站dedecms模板
http://www.dede58.com/a/dedecode/list_1_32.html,32,大气装修公司dedecms织梦模板
http://www.dede58.com/a/dedecode/list_1_32.html,32,织梦监控安防电子设备网站公司PHP整站模板
http://www.dede58.com/a/dedecode/list_1_32.html,32,织梦高端大气壁球培训机构网站整站模版
http://www.dede58.com/a/dedecode/list_1_32.html,32,织梦灰色不锈钢橱柜公司网站整站模板
http://www.dede58.com/a/dedecode/list_1_32.html,32,精品大气高端灰色汽车维修企业网站模版
http://www.dede58.com/a/dedecode/list_1_32.html,32,品牌服装服饰销售商贸类企业源码
http://www.dede58.com/a/dedecode/list_1_32.html,32,织梦蓝色大气物流公司企业网站整站模板
http://www.dede58.com/a/dedecode/list_1_32.html,32,绿色织梦生物科技公司网站模板
http://www.dede58.com/a/dedecode/list_1_32.html,32,机械类品牌集团公司织梦网站模板
http://www.dede58.com/a/dedecode/list_1_32.html,32,dedecms小清新文章资讯网站模板
http://www.dede58.com/a/dedecode/list_1_32.html,32,高端HTML5网站建设织梦模板(仿木鱼网络)
http://www.dede58.com/a/dedecode/list_1_32.html,32,蓝色通用机械类企业站织梦模板
http://www.dede58.com/a/dedecode/list_1_32.html,32,大气黑色胎教教育机构类企业织梦模板
http://www.dede58.com/a/dedecode/list_1_32.html,32,大气红白色汽车行业资讯类织梦源码
http://www.dede58.com/a/dedecode/list_1_32.html,32,红灰色建筑设计类企业通用织梦整站模板
http://www.dede58.com/a/dedecode/list_1_32.html,32,电子商务营销类企业dedecms模板
http://www.dede58.com/a/dedecode/list_1_32.html,32,红色大气装饰公司织梦网站源码
http://www.dede58.com/a/dedecode/list_1_33.html,33,HTML5高端品牌网站建设织梦模板（支持移动设备）
http://www.dede58.com/a/dedecode/list_1_33.html,33,大气婚纱影楼网站织梦模板 DEDECMS摄影工作室(修复版)
http://www.dede58.com/a/dedecode/list_1_33.html,33,织梦HTML5高端网络服务机构网站模板
http://www.dede58.com/a/dedecode/list_1_33.html,33,HTML5简约网络工作室网站织梦cms模板
http://www.dede58.com/a/dedecode/list_1_33.html,33,织梦HTML5高端时尚大气宽屏企业网站模板
http://www.dede58.com/a/dedecode/list_1_33.html,33,宽屏大气简约风格的织梦网站模板
http://www.dede58.com/a/dedecode/list_1_33.html,33,HTML5织梦博客模板自适应移动设备整站源码
http://www.dede58.com/a/dedecode/list_1_33.html,33,大气美观蓝色现代农业网站源码
http://www.dede58.com/a/dedecode/list_1_33.html,33,绿色织梦dede5.7空调家电类企业模板
http://www.dede58.com/a/dedecode/list_1_33.html,33,农林科技公司网站dede模板
http://www.dede58.com/a/dedecode/list_1_33.html,33,dedecms网络工作室企业通用模板
http://www.dede58.com/a/dedecode/list_1_33.html,33,dede织梦红色极品酒类食品企业网站源码
http://www.dede58.com/a/dedecode/list_1_33.html,33,dede红色织梦物流运输网站源码
http://www.dede58.com/a/dedecode/list_1_33.html,33,蓝色大气企业站织梦模板
http://www.dede58.com/a/dedecode/list_1_33.html,33,织梦红色大气摄影网站源码|摄影设计工作室模板
http://www.dede58.com/a/dedecode/list_1_33.html,33,dedecms大气工程设计类企业通用整站模板
http://www.dede58.com/a/dedecode/list_1_33.html,33,黑色包装印刷公司dede模板
http://www.dede58.com/a/dedecode/list_1_33.html,33,红色家政企业使用织梦模板
http://www.dede58.com/a/dedecode/list_1_33.html,33,DEDE仿牛商网客户网站源码营销型家具源码
http://www.dede58.com/a/dedecode/list_1_33.html,33,红色礼品行业使用织梦模板
http://www.dede58.com/a/dedecode/list_1_34.html,34,紫色商务礼品销售企业网站模板
http://www.dede58.com/a/dedecode/list_1_34.html,34,织梦5.7红色电子机械音响LED设备网站模版
http://www.dede58.com/a/dedecode/list_1_34.html,34,织梦极精品性感瀑布流图片展示站模板
http://www.dede58.com/a/dedecode/list_1_34.html,34,房地产企业通用织梦源码
http://www.dede58.com/a/dedecode/list_1_34.html,34,通用大气机械类企业DEDECMS织梦模板
http://www.dede58.com/a/dedecode/list_1_34.html,34,农业绿色生态水果企业dede源码
http://www.dede58.com/a/dedecode/list_1_34.html,34,dede电子工业企业通用模板
http://www.dede58.com/a/dedecode/list_1_34.html,34,银行金融企业通用织梦模板
http://www.dede58.com/a/dedecode/list_1_34.html,34,蓝色通用织梦博客模板
http://www.dede58.com/a/dedecode/list_1_34.html,34,织梦绿色html5大气高端建站网络传媒科技网站源码
http://www.dede58.com/a/dedecode/list_1_34.html,34,绿色大气环保科技通用企业公司网站源码
http://www.dede58.com/a/dedecode/list_1_34.html,34,大气dede清洁设备公司源码
http://www.dede58.com/a/dedecode/list_1_34.html,34,绿色机械企业通用源码
http://www.dede58.com/a/dedecode/list_1_34.html,34,织梦5.7黑白色高端五金机械集团企业网站模版
http://www.dede58.com/a/dedecode/list_1_34.html,34,农业环保企业织梦通用模板
http://www.dede58.com/a/dedecode/list_1_34.html,34,营销型光电科技源码
http://www.dede58.com/a/dedecode/list_1_34.html,34,蓝色展柜企业网站织梦企业模板（修正版）
http://www.dede58.com/a/dedecode/list_1_34.html,34,驾校类企业dede网站模板
http://www.dede58.com/a/dedecode/list_1_34.html,34,机械类企业通用dede模板
http://www.dede58.com/a/dedecode/list_1_34.html,34,汽车租赁企业通用织梦模板
http://www.dede58.com/a/dedecode/list_1_35.html,35,手机维修类企业织梦模板
http://www.dede58.com/a/dedecode/list_1_35.html,35,大气通用整站织梦企业网站模板
http://www.dede58.com/a/dedecode/list_1_35.html,35,绿色生态生物科技类企业dede模板
http://www.dede58.com/a/dedecode/list_1_35.html,35,黑色通用织梦博客模板
http://www.dede58.com/a/dedecode/list_1_35.html,35,HTML5网站建设微信运营公司织梦企业模板
http://www.dede58.com/a/dedecode/list_1_35.html,35,黄色宽屏大气网站设计公司织梦企业模板
http://www.dede58.com/a/dedecode/list_1_35.html,35,汽车车载音响类企业模板
http://www.dede58.com/a/dedecode/list_1_35.html,35,儿童安全座椅dede企业通用类模板
http://www.dede58.com/a/dedecode/list_1_35.html,35,织梦工业机械类企业通用模板
http://www.dede58.com/a/dedecode/list_1_35.html,35,各资源行业企业通用模板
http://www.dede58.com/a/dedecode/list_1_35.html,35,html5宽屏大气通用织梦博客模板
http://www.dede58.com/a/dedecode/list_1_35.html,35,废油回收冶炼企业网站模板
http://www.dede58.com/a/dedecode/list_1_35.html,35,大气织梦机械类企业网站模板
http://www.dede58.com/a/dedecode/list_1_35.html,35,建材类营销型网站织梦模板
http://www.dede58.com/a/dedecode/list_1_35.html,35,织梦工业企业通用模板
http://www.dede58.com/a/dedecode/list_1_35.html,35,环保油漆企业通用dedecms模板
http://www.dede58.com/a/dedecode/list_1_35.html,35,清新简约织梦个人博客模板
http://www.dede58.com/a/dedecode/list_1_35.html,35,食品农业 茶叶企业网站模板
http://www.dede58.com/a/dedecode/list_1_35.html,35,绿色生态环保企业通用模板
http://www.dede58.com/a/dedecode/list_1_35.html,35,织梦大气企业通用源码 整站带后台
http://www.dede58.com/a/dedecode/list_1_36.html,36,黑色大气公司企业网站模板整站带演示数据
http://www.dede58.com/a/dedecode/list_1_36.html,36,图片资讯站织梦模板 仿图片之家源码
http://www.dede58.com/a/dedecode/list_1_36.html,36,绿色灯具生产企业织梦模板
http://www.dede58.com/a/dedecode/list_1_36.html,36,蓝色网络公司使用织梦模板
http://www.dede58.com/a/dedecode/list_1_36.html,36,蓝色设备类企业网站模板
http://www.dede58.com/a/dedecode/list_1_36.html,36,企业通用dedecms模板
http://www.dede58.com/a/dedecode/list_1_36.html,36,织梦5.7绿色食品行业模板农业生态整站源码 dedecms带后台数据
http://www.dede58.com/a/dedecode/list_1_36.html,36,HTML5手机网站织梦模板
http://www.dede58.com/a/dedecode/list_1_36.html,36,邪恶漫画织梦模板 内涵图片/搞笑漫画源码
http://www.dede58.com/a/dedecode/list_1_36.html,36,HTML5高端黑色织梦网络公司网站模板
http://www.dede58.com/a/dedecode/list_1_36.html,36,培训学校使用织梦手机模板
http://www.dede58.com/a/dedecode/list_1_36.html,36,酷黑企业dedecms手机网站模板
http://www.dede58.com/a/dedecode/list_1_36.html,36,粉红色化妆品企业手机模板
http://www.dede58.com/a/dedecode/list_1_36.html,36,紫色时尚类dede手机模板
http://www.dede58.com/a/dedecode/list_1_36.html,36,大气精美医疗美容织梦整站源码(简洁.通用)
http://www.dede58.com/a/dedecode/list_1_36.html,36,绿色家政服务类dede手机模板
http://www.dede58.com/a/dedecode/list_1_36.html,36,织梦服务行业手机模板
http://www.dede58.com/a/dedecode/list_1_36.html,36,养殖行业使用织梦手机模板
http://www.dede58.com/a/dedecode/list_1_36.html,36,织梦通用企业网站手机模板
http://www.dede58.com/a/dedecode/list_1_36.html,36,织梦医院通用手机网站模板
http://www.dede58.com/a/dedecode/list_1_37.html,37,大气文章类织梦博客模板
http://www.dede58.com/a/dedecode/list_1_37.html,37,红色美容培训机构织梦手机模板
http://www.dede58.com/a/dedecode/list_1_37.html,37,织梦办公家具生产企业手机模板
http://www.dede58.com/a/dedecode/list_1_37.html,37,蓝色大气化妆品通用织梦企业模板
http://www.dede58.com/a/dedecode/list_1_37.html,37,织梦58仿IT之家织梦 dede模板免费下载 织梦文章博客(红蓝两色)
http://www.dede58.com/a/dedecode/list_1_37.html,37,html5高端dedecms装修建筑/装饰建材/办公家具通用公司企业模板
http://www.dede58.com/a/dedecode/list_1_37.html,37,织梦大气美容资讯模板
http://www.dede58.com/a/dedecode/list_1_37.html,37,织梦幼儿园、早教、教育培训类
http://www.dede58.com/a/dedecode/list_1_37.html,37,红白色网络服务机构织梦模板
http://www.dede58.com/a/dedecode/list_1_37.html,37,html5网站建设网络公司整站源码
http://www.dede58.com/a/dedecode/list_1_37.html,37,仿Webqq织梦管理网站后台模板
http://www.dede58.com/a/dedecode/list_1_37.html,37,织梦5.7通用五金机械集团企业工厂网站模版源码
http://www.dede58.com/a/dedecode/list_1_37.html,37,文章类织梦源码站模版程序
http://www.dede58.com/a/dedecode/list_1_37.html,37,HTML5绿色大气环保设备公司网站源码
http://www.dede58.com/a/dedecode/list_1_37.html,37,大气环保科技企业织梦模板
http://www.dede58.com/a/dedecode/list_1_37.html,37,通用科技织梦博客模板
http://www.dede58.com/a/dedecode/list_1_37.html,37,高端HTML5网站建设织梦模板
http://www.dede58.com/a/dedecode/list_1_37.html,37,织梦高端大气婚纱影楼网站源码
http://www.dede58.com/a/dedecode/list_1_37.html,37,织梦仿大前端D8主题商业带会员升级版
http://www.dede58.com/a/dedecode/list_1_37.html,37,大气简洁文章类博客织梦模板
http://www.dede58.com/a/dedecode/list_1_38.html,38,深圳某婚纱摄影工作室 仿梦想屋织梦源码
http://www.dede58.com/a/dedecode/list_1_38.html,38,简洁地产公司dedecms模板
http://www.dede58.com/a/dedecode/list_1_38.html,38,黑色大气汽车销售织梦企业模板源码
http://www.dede58.com/a/dedecode/list_1_38.html,38,首发仿快鲤鱼织梦模板升级版带会员系统
http://www.dede58.com/a/dedecode/list_1_38.html,38,宽屏大气博客文章类织梦模板带会员投稿升级版
http://www.dede58.com/a/dedecode/list_1_38.html,38,HTML5建筑工程织梦企业整站织梦企业模板（修正版）
http://www.dede58.com/a/dedecode/list_1_38.html,38,影视文化传播公司织梦企业模板
http://www.dede58.com/a/dedecode/list_1_38.html,38,简洁大气文章类织梦模板
http://www.dede58.com/a/dedecode/list_1_38.html,38,图片资讯站织梦源码 图片展示网站模板
http://www.dede58.com/a/dedecode/list_1_38.html,38,仿虎嗅网织梦博客模板 宽屏大气文章类织梦模板
http://www.dede58.com/a/dedecode/list_1_38.html,38,织梦仿大前端D8主题商业版 黑色高端织梦博客模板
http://www.dede58.com/a/dedecode/list_1_38.html,38,宽屏大气文章类织梦博客模板 文章类整站源码含数据 资讯类网站
http://www.dede58.com/a/dedecode/list_1_38.html,38,蓝色大气素材站织梦模板 图片素材网站源码 dede网站模板源码素材
http://www.dede58.com/a/dedecode/list_1_38.html,38,HTML5浅蓝色网站设计公司dede模板 带后台和数据
http://www.dede58.com/a/dedecode/list_1_38.html,38,宽屏HTML5响应式织梦文章模板大气 自适应移动设备整站源码带数据
http://www.dede58.com/a/dedecode/list_1_38.html,38,仿新版阿里百秀织梦模板 织梦博客文章资讯源码 PHP网站模板
http://www.dede58.com/a/dedecode/list_1_38.html,38,绿色风格网络公司源码 php网络建站公司源码
http://www.dede58.com/a/dedecode/list_1_38.html,38,大气橙色网络公司织梦源码 php橙色建站企业源码
http://www.dede58.com/a/dedecode/list_1_38.html,38,安卓手机资讯宽屏织梦模板带数据
http://www.dede58.com/a/dedecode/list_1_38.html,38,橙灰色大气企业通用整站织梦模板
http://www.dede58.com/a/dedecode/list_1_39.html,39,HTML5高端动态个性工作室整站织梦模板
http://www.dede58.com/a/dedecode/list_1_39.html,39,绿色手机旅游网站dedecms模板
http://www.dede58.com/a/dedecode/list_1_39.html,39,酷维网dedecms会员中心+高仿QQ空间主页V2.0
http://www.dede58.com/a/dedecode/list_1_39.html,39,装修装饰设计公司网站源码模板 红色高端大气PHP装修公司网站源码
http://www.dede58.com/a/dedecode/list_1_39.html,39,红色瀑布流婚纱摄影dede模板 大气红色婚纱摄影公司源码
http://www.dede58.com/a/dedecode/list_1_39.html,39,大气极简网络公司dedecms模板 大气网络策划公司整站源码
http://www.dede58.com/a/dedecode/list_1_39.html,39,大气婚纱摄影公司源码 三亚南舶湾婚纱摄影源码 美丽婚纱模板
http://www.dede58.com/a/dedecode/list_1_39.html,39,仿三一重工大气企业网站php源码
http://www.dede58.com/a/dedecode/list_1_39.html,39,织梦CMS仿模板无忧源码下载站模板 php织梦门户源码
http://www.dede58.com/a/dedecode/list_1_39.html,39,手机wap模块织梦模板自适应屏幕 织梦wap门户模板
http://www.dede58.com/a/dedecode/list_1_39.html,39,药业公司网站模板 工业企业通用源码
http://www.dede58.com/a/dedecode/list_1_39.html,39,通用大气dede矿业公司源码
http://www.dede58.com/a/dedecode/list_1_39.html,39,婚庆公司网站源码 策划公司网站模板
http://www.dede58.com/a/dedecode/list_1_39.html,39,大气广告设计公司源码(仿老谋子广告源码)
http://www.dede58.com/a/dedecode/list_1_39.html,39,广告公司网站源码 网络建设工作室网站模板
http://www.dede58.com/a/dedecode/list_1_39.html,39,大气婚纱摄影礼仪模板 婚庆公司影楼网站建设源码
http://www.dede58.com/a/dedecode/list_1_39.html,39,大气黑色机械企业网站源码
http://www.dede58.com/a/dedecode/list_1_39.html,39,织梦仿uehtml响应式素材模板类内容分享源码
http://www.dede58.com/a/dedecode/list_1_39.html,39,漂亮大气卫浴公司企业源码
http://www.dede58.com/a/dedecode/list_1_39.html,39,金融银行公司企业网站源码
http://www.dede58.com/a/dedecode/list_1_40.html,40,大气金融投资风险公司网站源码
http://www.dede58.com/a/dedecode/list_1_40.html,40,通信企业类 漂亮大气企业通用网站源码
http://www.dede58.com/a/dedecode/list_1_40.html,40,音箱类 机械类 企业通用大气网站源码
http://www.dede58.com/a/dedecode/list_1_40.html,40,医媒体网站源码 大气医药咨询类网站源码
http://www.dede58.com/a/dedecode/list_1_40.html,40,通用大气企业源码|手机企业网站源码
http://www.dede58.com/a/dedecode/list_1_40.html,40,红色大气装饰装修公司通用网站源码
http://www.dede58.com/a/dedecode/list_1_40.html,40,dedecms清新大气的企业网站模板
http://www.dede58.com/a/dedecode/list_1_40.html,40,简单大气网络科技类企业类织梦网站源码
http://www.dede58.com/a/dedecode/list_1_40.html,40,织梦大气黑色机械类企业源码 (仿浙江志高机械公司风格）
http://www.dede58.com/a/dedecode/list_1_40.html,40,红色大气服装织梦网站源码
http://www.dede58.com/a/dedecode/list_1_40.html,40,绿色环保网站|机械产品展示|通用大气企业网站源码
http://www.dede58.com/a/dedecode/list_1_40.html,40,大气红色装修公司网站源码
http://www.dede58.com/a/dedecode/list_1_40.html,40,蓝色科技企业织梦模板|蓝色风格企业源码
http://www.dede58.com/a/dedecode/list_1_40.html,40,大气品牌广告设计制作公司网站源码
http://www.dede58.com/a/dedecode/list_1_40.html,40,中英双语大气蓝色企业网站源码
http://www.dede58.com/a/dedecode/list_1_40.html,40,蓝色科技 机械轴承 企业官网 整站源码
http://www.dede58.com/a/dedecode/list_1_40.html,40,品牌广告设计制作公司网站源码
http://www.dede58.com/a/dedecode/list_1_40.html,40,织梦通用企业大气源码
